loc_name,pbusbar,i_orient,nphase,ElmComp
Vmea_SM_0142,ElmTerm_SM_0142,1,3,ElmComp_SM_0142
Vmea_SM_0146,ElmTerm_SM_0146,1,3,ElmComp_SM_0146
Vmea_SM_0149,ElmTerm_SM_0149,1,3,ElmComp_SM_0149
Vmea_SM_0150,ElmTerm_SM_0150,1,3,ElmComp_SM_0150
Vmea_SM_0151,ElmTerm_SM_0151,1,3,ElmComp_SM_0151
Vmea_SM_0152,ElmTerm_SM_0152,1,3,ElmComp_SM_0152
Vmea_SM_0153,ElmTerm_SM_0153,1,3,ElmComp_SM_0153
Vmea_SM_0154,ElmTerm_SM_0154,1,3,ElmComp_SM_0154
Vmea_SM_0155,ElmTerm_SM_0155,1,3,ElmComp_SM_0155
Vmea_SM_0156,ElmTerm_SM_0156,1,3,ElmComp_SM_0156
Vmea_SM_0157,ElmTerm_SM_0157,1,3,ElmComp_SM_0157
Vmea_SM_0158,ElmTerm_SM_0158,1,3,ElmComp_SM_0158
Vmea_SM_0159,ElmTerm_SM_0159,1,3,ElmComp_SM_0159
Vmea_SM_0160,ElmTerm_SM_0160,1,3,ElmComp_SM_0160
Vmea_SM_0161,ElmTerm_SM_0161,1,3,ElmComp_SM_0161
Vmea_SM_0162,ElmTerm_SM_0162,1,3,ElmComp_SM_0162
Vmea_SM_0163,ElmTerm_SM_0163,1,3,ElmComp_SM_0163
Vmea_SM_0164,ElmTerm_SM_0164,1,3,ElmComp_SM_0164
Vmea_SM_0165,ElmTerm_SM_0165,1,3,ElmComp_SM_0165
Vmea_SM_0166,ElmTerm_SM_0166,1,3,ElmComp_SM_0166
Vmea_SM_0167,ElmTerm_SM_0167,1,3,ElmComp_SM_0167
Vmea_SM_0170,ElmTerm_SM_0170,1,3,ElmComp_SM_0170
Vmea_SM_0171,ElmTerm_SM_0171,1,3,ElmComp_SM_0171
Vmea_SM_0173,ElmTerm_SM_0173,1,3,ElmComp_SM_0173
Vmea_SM_0174,ElmTerm_SM_0174,1,3,ElmComp_SM_0174
Vmea_SM_0175,ElmTerm_SM_0175,1,3,ElmComp_SM_0175
Vmea_SM_0176,ElmTerm_SM_0176,1,3,ElmComp_SM_0176
Vmea_SM_0177,ElmTerm_SM_0177,1,3,ElmComp_SM_0177
Vmea_SM_0178,ElmTerm_SM_0178,1,3,ElmComp_SM_0178
Vmea_SM_0179,ElmTerm_SM_0179,1,3,ElmComp_SM_0179
Vmea_SM_0180,ElmTerm_SM_0180,1,3,ElmComp_SM_0180
Vmea_SM_0181,ElmTerm_SM_0181,1,3,ElmComp_SM_0181
Vmea_SM_0182,ElmTerm_SM_0182,1,3,ElmComp_SM_0182
Vmea_SM_0183,ElmTerm_SM_0183,1,3,ElmComp_SM_0183
Vmea_SM_0184,ElmTerm_SM_0184,1,3,ElmComp_SM_0184
Vmea_SM_0185,ElmTerm_SM_0185,1,3,ElmComp_SM_0185
Vmea_SM_0186,ElmTerm_SM_0186,1,3,ElmComp_SM_0186
Vmea_SM_0187,ElmTerm_SM_0187,1,3,ElmComp_SM_0187
Vmea_SM_0189,ElmTerm_SM_0189,1,3,ElmComp_SM_0189
Vmea_SM_0190,ElmTerm_SM_0190,1,3,ElmComp_SM_0190
Vmea_SM_0191,ElmTerm_SM_0191,1,3,ElmComp_SM_0191
Vmea_SM_0192,ElmTerm_SM_0192,1,3,ElmComp_SM_0192
Vmea_SM_0193,ElmTerm_SM_0193,1,3,ElmComp_SM_0193
Vmea_SM_0194,ElmTerm_SM_0194,1,3,ElmComp_SM_0194
Vmea_SM_0195,ElmTerm_SM_0195,1,3,ElmComp_SM_0195
Vmea_SM_0196,ElmTerm_SM_0196,1,3,ElmComp_SM_0196
Vmea_SM_0197,ElmTerm_SM_0197,1,3,ElmComp_SM_0197
Vmea_SM_0198,ElmTerm_SM_0198,1,3,ElmComp_SM_0198
Vmea_SM_0252,ElmTerm_SM_0252,1,3,ElmComp_SM_0252
Vmea_SM_0253,ElmTerm_SM_0253,1,3,ElmComp_SM_0253
Vmea_SM_0254,ElmTerm_SM_0254,1,3,ElmComp_SM_0254
Vmea_SM_0255,ElmTerm_SM_0255,1,3,ElmComp_SM_0255
Vmea_SM_0256,ElmTerm_SM_0256,1,3,ElmComp_SM_0256
Vmea_SM_0257,ElmTerm_SM_0257,1,3,ElmComp_SM_0257
Vmea_SM_0258,ElmTerm_SM_0258,1,3,ElmComp_SM_0258
Vmea_SM_0259,ElmTerm_SM_0259,1,3,ElmComp_SM_0259
Vmea_SM_0260,ElmTerm_SM_0260,1,3,ElmComp_SM_0260
Vmea_SM_0261,ElmTerm_SM_0261,1,3,ElmComp_SM_0261
Vmea_SM_0262,ElmTerm_SM_0262,1,3,ElmComp_SM_0262
Vmea_SM_0263,ElmTerm_SM_0263,1,3,ElmComp_SM_0263
Vmea_SM_0264,ElmTerm_SM_0264,1,3,ElmComp_SM_0264
Vmea_SM_0265,ElmTerm_SM_0265,1,3,ElmComp_SM_0265
Vmea_SM_0266,ElmTerm_SM_0266,1,3,ElmComp_SM_0266
Vmea_SM_0267,ElmTerm_SM_0267,1,3,ElmComp_SM_0267
Vmea_SM_0268,ElmTerm_SM_0268,1,3,ElmComp_SM_0268
Vmea_SM_0269,ElmTerm_SM_0269,1,3,ElmComp_SM_0269
Vmea_SM_0270,ElmTerm_SM_0270,1,3,ElmComp_SM_0270
Vmea_SM_0271,ElmTerm_SM_0271,1,3,ElmComp_SM_0271
Vmea_SM_0272,ElmTerm_SM_0272,1,3,ElmComp_SM_0272
Vmea_SM_0273,ElmTerm_SM_0273,1,3,ElmComp_SM_0273
Vmea_SM_0274,ElmTerm_SM_0274,1,3,ElmComp_SM_0274
Vmea_SM_0275,ElmTerm_SM_0275,1,3,ElmComp_SM_0275
Vmea_SM_0276,ElmTerm_SM_0276,1,3,ElmComp_SM_0276
Vmea_SM_0277,ElmTerm_SM_0277,1,3,ElmComp_SM_0277
Vmea_SM_0278,ElmTerm_SM_0278,1,3,ElmComp_SM_0278
Vmea_SM_0279,ElmTerm_SM_0279,1,3,ElmComp_SM_0279
Vmea_SM_0280,ElmTerm_SM_0280,1,3,ElmComp_SM_0280
Vmea_SM_0281,ElmTerm_SM_0281,1,3,ElmComp_SM_0281
Vmea_SM_0282,ElmTerm_SM_0282,1,3,ElmComp_SM_0282
Vmea_SM_0283,ElmTerm_SM_0283,1,3,ElmComp_SM_0283
Vmea_SM_0284,ElmTerm_SM_0284,1,3,ElmComp_SM_0284
Vmea_SM_0285,ElmTerm_SM_0285,1,3,ElmComp_SM_0285
Vmea_SM_0286,ElmTerm_SM_0286,1,3,ElmComp_SM_0286
Vmea_SM_0287,ElmTerm_SM_0287,1,3,ElmComp_SM_0287
Vmea_SM_0288,ElmTerm_SM_0288,1,3,ElmComp_SM_0288
Vmea_SM_0289,ElmTerm_SM_0289,1,3,ElmComp_SM_0289
Vmea_SM_0290,ElmTerm_SM_0290,1,3,ElmComp_SM_0290
Vmea_SM_0291,ElmTerm_SM_0291,1,3,ElmComp_SM_0291
Vmea_SM_0292,ElmTerm_SM_0292,1,3,ElmComp_SM_0292
Vmea_SM_0293,ElmTerm_SM_0293,1,3,ElmComp_SM_0293
Vmea_SM_0294,ElmTerm_SM_0294,1,3,ElmComp_SM_0294
Vmea_SM_0295,ElmTerm_SM_0295,1,3,ElmComp_SM_0295
Vmea_SM_0296,ElmTerm_SM_0296,1,3,ElmComp_SM_0296
Vmea_SM_0297,ElmTerm_SM_0297,1,3,ElmComp_SM_0297
Vmea_SM_0298,ElmTerm_SM_0298,1,3,ElmComp_SM_0298
Vmea_SM_0299,ElmTerm_SM_0299,1,3,ElmComp_SM_0299
Vmea_SM_0300,ElmTerm_SM_0300,1,3,ElmComp_SM_0300
Vmea_SM_0301,ElmTerm_SM_0301,1,3,ElmComp_SM_0301
Vmea_SM_0302,ElmTerm_SM_0302,1,3,ElmComp_SM_0302
Vmea_SM_0303,ElmTerm_SM_0303,1,3,ElmComp_SM_0303
Vmea_SM_0304,ElmTerm_SM_0304,1,3,ElmComp_SM_0304
Vmea_SM_0305,ElmTerm_SM_0305,1,3,ElmComp_SM_0305
Vmea_SM_0306,ElmTerm_SM_0306,1,3,ElmComp_SM_0306
Vmea_SM_0307,ElmTerm_SM_0307,1,3,ElmComp_SM_0307
Vmea_SM_0308,ElmTerm_SM_0308,1,3,ElmComp_SM_0308
Vmea_SM_0309,ElmTerm_SM_0309,1,3,ElmComp_SM_0309
Vmea_SM_0310,ElmTerm_SM_0310,1,3,ElmComp_SM_0310
Vmea_SM_0311,ElmTerm_SM_0311,1,3,ElmComp_SM_0311
Vmea_SM_0312,ElmTerm_SM_0312,1,3,ElmComp_SM_0312
Vmea_SM_0313,ElmTerm_SM_0313,1,3,ElmComp_SM_0313
Vmea_SM_0314,ElmTerm_SM_0314,1,3,ElmComp_SM_0314
Vmea_SM_0315,ElmTerm_SM_0315,1,3,ElmComp_SM_0315
Vmea_SM_0316,ElmTerm_SM_0316,1,3,ElmComp_SM_0316
Vmea_SM_0317,ElmTerm_SM_0317,1,3,ElmComp_SM_0317
Vmea_SM_0318,ElmTerm_SM_0318,1,3,ElmComp_SM_0318
Vmea_SM_0319,ElmTerm_SM_0319,1,3,ElmComp_SM_0319
